Date,Total Production (TWh),Eolien (TWh),Hydraulique (TWh),Nucléaire (TWh),Solaire (TWh),Thermique fossile (TWh),Thermique renewable and waste (TWh),Eolien_emissions (Mt CO₂),Hydraulique_emissions (Mt CO₂),Nucléaire_emissions (Mt CO₂),Solaire_emissions (Mt CO₂),Thermique fossile_emissions (Mt CO₂),Thermique renouvelable et déchets_emissions (Mt CO₂),Total_CO2_Emissions (Mt CO₂),Year,Month
2000-01-01,50.13,0.0,5.738,36.298,0.0,8.09,0.0,0.0,57.38,435.576,0.0,5663.0,0.0,6155.956,2000,1
2000-02-01,45.88,0.0,5.61,33.699,0.0,6.571,0.0,0.0,56.1,404.388,0.0,4599.7,0.0,5060.188,2000,2
2000-03-01,46.86,0.0,6.087,35.869,0.0,4.908,0.0,0.0,60.87,430.428,0.0,3435.6000000000004,0.0,3926.898,2000,3
2000-04-01,42.8,0.0,6.201,32.216,0.0,4.381,0.0,0.0,62.01,386.592,0.0,3066.7000000000003,0.0,3515.302,2000,4
2000-05-01,39.85,0.0,7.575,30.667,0.0,1.606,0.0,0.0,75.75,368.004,0.0,1124.2,0.0,1567.9540000000002,2000,5
2000-06-01,38.05,0.0,6.252,29.45,0.0,2.351,0.0,0.0,62.519999999999996,353.4,0.0,1645.7,0.0,2061.62,2000,6
2000-07-01,38.75,0.0,5.072,31.112,0.0,2.561,0.0,0.0,50.72,373.344,0.0,1792.7,0.0,2216.764,2000,7
2000-08-01,37.1,0.0,4.702,30.301,0.0,2.092,0.0,0.0,47.019999999999996,363.61199999999997,0.0,1464.4,0.0,1875.0320000000002,2000,8
2000-09-01,38.41,0.0,4.584,31.039,0.0,2.782,0.0,0.0,45.84,372.468,0.0,1947.4,0.0,2365.708,2000,9
2000-10-01,42.83,0.0,5.593,33.379,0.0,3.859,0.0,0.0,55.93,400.548,0.0,2701.3,0.0,3157.7780000000002,2000,10
2000-11-01,47.28,0.0,7.352,34.639,0.0,5.291,0.0,0.0,73.52000000000001,415.668,0.0,3703.7000000000003,0.0,4192.888,2000,11
2000-12-01,48.75,0.0,6.827,36.531,0.0,5.387,0.0,0.0,68.27,438.37199999999996,0.0,3770.8999999999996,0.0,4277.5419999999995,2000,12
2001-01-01,51.48,0.007,7.678,38.723,0.0,4.891,0.1845,0.0,76.78,464.676,0.0,3423.7,36.9,4002.056,2001,1
2001-02-01,44.68,0.011,6.641,33.166,0.0,4.678,0.1845,0.0,66.41,397.99199999999996,0.0,3274.6,36.9,3775.902,2001,2
2001-03-01,46.63,0.009,8.341,33.605,0.0,4.489,0.1845,0.0,83.41,403.26,0.0,3142.2999999999997,36.9,3665.87,2001,3
2001-04-01,42.85,0.011,8.642,31.417,0.0,2.595,0.1845,0.0,86.41999999999999,377.004,0.0,1816.5000000000002,36.9,2316.824,2001,4
2001-05-01,39.84,0.01,8.687,28.757,0.0,2.198,0.1845,0.0,86.86999999999999,345.084,0.0,1538.6,36.9,2007.454,2001,5
2001-06-01,37.95,0.008,7.086,28.39,0.0,2.28,0.1845,0.0,70.86,340.68,0.0,1595.9999999999998,36.9,2044.4399999999998,2001,6
2001-07-01,39.59,0.007,6.585,31.032,0.0,1.781,0.1845,0.0,65.85,372.384,0.0,1246.7,36.9,1721.8340000000003,2001,7
2001-08-01,37.06,0.011,4.884,30.607,0.0,1.369,0.1845,0.0,48.84,367.284,0.0,958.3,36.9,1411.324,2001,8
2001-09-01,39.31,0.012,4.53,32.756,0.0,1.827,0.1845,0.0,45.300000000000004,393.072,0.0,1278.8999999999999,36.9,1754.172,2001,9
2001-10-01,43.55,0.008,4.93,35.628,0.0,2.802,0.1845,0.0,49.3,427.536,0.0,1961.4,36.9,2475.136,2001,10
2001-11-01,48.88,0.015,4.506,37.051,0.0,7.119,0.1845,0.0,45.06,444.612,0.0,4983.3,36.9,5509.871999999999,2001,11
2001-12-01,52.22,0.021,4.8,38.453,0.0,8.761,0.1845,0.0,48.0,461.43600000000004,0.0,6132.7,36.9,6679.035999999999,2001,12
2002-01-01,52.86,0.015,4.423,40.003,0.0,8.19,0.2268,0.0,44.230000000000004,480.036,0.0,5733.0,45.36,6302.625999999999,2002,1
2002-02-01,45.42,0.022,4.222,34.316,0.0,6.635,0.2268,0.0,42.220000000000006,411.7920000000001,0.0,4644.5,45.36,5143.871999999999,2002,2
2002-03-01,47.49,0.018,5.739,35.481,0.0,6.022,0.2268,0.0,57.39,425.77200000000005,0.0,4215.400000000001,45.36,4743.9220000000005,2002,3
2002-04-01,43.9,0.023,4.293,35.513,0.0,3.848,0.2268,0.0,42.93,426.15599999999995,0.0,2693.6,45.36,3208.046,2002,4
2002-05-01,42.51,0.024,6.069,33.522,0.0,2.671,0.2268,0.0,60.69,402.264,0.0,1869.6999999999998,45.36,2378.014,2002,5
2002-06-01,39.84,0.018,6.23,31.07,0.0,2.294,0.2268,0.0,62.300000000000004,372.84000000000003,0.0,1605.8,45.36,2086.3,2002,6
2002-07-01,40.37,0.025,4.82,32.89,0.0,2.409,0.2268,0.0,48.2,394.68,0.0,1686.3,45.36,2174.54,2002,7
2002-08-01,37.06,0.021,4.775,30.347,0.0,1.692,0.2268,0.0,47.75,364.164,0.0,1184.3999999999999,45.36,1641.6739999999998,2002,8
2002-09-01,40.02,0.019,4.765,32.104,0.0,2.905,0.2268,0.0,47.65,385.248,0.0,2033.4999999999998,45.36,2511.758,2002,9
2002-10-01,44.82,0.021,5.624,35.087,0.0,3.862,0.2268,0.0,56.239999999999995,421.04400000000004,0.0,2703.4,45.36,3226.0440000000003,2002,10
2002-11-01,48.3,0.033,6.799,36.195,0.0,5.05,0.2268,0.0,67.99000000000001,434.34000000000003,0.0,3535.0,45.36,4082.69,2002,11
2002-12-01,52.94,0.029,7.694,38.987,0.0,6.003,0.2268,0.0,76.94,467.84400000000005,0.0,4202.1,45.36,4792.244,2002,12
2003-01-01,56.25,0.036,8.451,40.335,0.0,7.197,0.2272,0.0,84.51,484.02,0.0,5037.9,45.440000000000005,5651.869999999999,2003,1
2003-02-01,50.85,0.03,7.303,36.454,0.0,6.832,0.2272,0.0,73.03,437.448,0.0,4782.4,45.440000000000005,5338.317999999999,2003,2
2003-03-01,48.35,0.0273,6.424,35.837,0.0,5.839,0.2272,0.0,64.24000000000001,430.04400000000004,0.0,4087.3,45.440000000000005,4627.023999999999,2003,3
2003-04-01,43.62,0.0305,5.001,34.449,0.0,3.916,0.2272,0.0,50.010000000000005,413.388,0.0,2741.2,45.440000000000005,3250.038,2003,4
2003-05-01,40.89,0.0355,5.743,32.444,0.0,2.437,0.2272,0.0,57.43000000000001,389.32800000000003,0.0,1705.8999999999999,45.440000000000005,2198.098,2003,5
2003-06-01,39.11,0.023,5.384,30.969,0.0,2.509,0.2272,0.0,53.84,371.62800000000004,0.0,1756.3,45.440000000000005,2227.208,2003,6
2003-07-01,40.29,0.0335,3.957,33.132,0.0,2.945,0.2272,0.0,39.57,397.58399999999995,0.0,2061.5,45.440000000000005,2544.094,2003,7
2003-08-01,36.84,0.0175,3.699,29.972,0.0,2.924,0.2272,0.0,36.989999999999995,359.664,0.0,2046.8,45.440000000000005,2488.894,2003,8
2003-09-01,38.49,0.027,3.429,31.437,0.0,3.371,0.2272,0.0,34.29,377.244,0.0,2359.7,45.440000000000005,2816.674,2003,9
2003-10-01,44.99,0.0434,4.832,35.451,0.0,4.441,0.2272,0.0,48.32,425.41200000000003,0.0,3108.7,45.440000000000005,3627.872,2003,10
2003-11-01,48.62,0.036,4.539,37.666,0.0,6.153,0.2272,0.0,45.39,451.99199999999996,0.0,4307.099999999999,45.440000000000005,4849.921999999999,2003,11
2003-12-01,53.81,0.05,5.565,41.668,0.0,6.301,0.2272,0.0,55.650000000000006,500.01599999999996,0.0,4410.7,45.440000000000005,5011.806,2003,12
2004-01-01,55.46,0.054,7.034,41.764,0.0,6.332,0.2724,0.0,70.34,501.168,0.0,4432.4,54.48,5058.387999999999,2004,1
2004-02-01,49.03,0.047,6.317,36.195,0.0,6.197,0.2724,0.0,63.17,434.34000000000003,0.0,4337.9,54.48,4889.889999999999,2004,2
2004-03-01,50.1,0.057,6.625,36.113,0.0,7.036,0.2724,0.0,66.25,433.356,0.0,4925.2,54.48,5479.285999999999,2004,3
2004-04-01,43.9,0.053,5.546,33.943,0.0,4.087,0.2724,0.0,55.46,407.316,0.0,2860.8999999999996,54.48,3378.1559999999995,2004,4
2004-05-01,41.78,0.037,6.548,32.039,0.0,2.885,0.2724,0.0,65.48,384.468,0.0,2019.4999999999998,54.48,2523.928,2004,5
2004-06-01,39.81,0.043,6.087,30.499,0.0,2.913,0.2724,0.0,60.87,365.988,0.0,2039.1,54.48,2520.438,2004,6
2004-07-01,40.0,0.044,4.838,32.408,0.0,2.439,0.2724,0.0,48.38,388.896,0.0,1707.3,54.48,2199.056,2004,7
2004-08-01,37.67,0.04,4.273,30.449,0.0,2.631,0.2724,0.0,42.73,365.38800000000003,0.0,1841.6999999999998,54.48,2304.298,2004,8
2004-09-01,40.23,0.047,3.858,33.064,0.0,2.99,0.2724,0.0,38.58,396.768,0.0,2093.0,54.48,2582.828,2004,9
2004-10-01,45.42,0.045,4.171,37.584,0.0,3.343,0.2724,0.0,41.71,451.00800000000004,0.0,2340.1,54.48,2887.298,2004,10
2004-11-01,49.94,0.062,4.341,39.283,0.0,5.986,0.2724,0.0,43.41,471.396,0.0,4190.2,54.48,4759.485999999999,2004,11
2004-12-01,55.38,0.076,4.733,43.542,0.0,6.755,0.2724,0.0,47.33,522.504,0.0,4728.5,54.48,5352.813999999999,2004,12
2005-01-01,54.63,0.102,5.022,42.475,0.0,6.748,0.2781,0.0,50.22,509.70000000000005,0.0,4723.6,55.620000000000005,5339.14,2005,1
2005-02-01,49.67,0.082,5.366,36.432,0.0,7.51,0.2781,0.0,53.66,437.184,0.0,5257.0,55.620000000000005,5803.464,2005,2
2005-03-01,49.78,0.065,5.078,36.777,0.0,7.584,0.2781,0.0,50.78,441.324,0.0,5308.8,55.620000000000005,5856.524,2005,3
2005-04-01,43.71,0.067,6.012,33.286,0.0,4.064,0.2781,0.0,60.12,399.432,0.0,2844.8,55.620000000000005,3359.972,2005,4
2005-05-01,42.6,0.069,6.212,33.345,0.0,2.692,0.2781,0.0,62.12,400.14,0.0,1884.4,55.620000000000005,2402.2799999999997,2005,5
2005-06-01,41.04,0.05,4.956,32.849,0.0,2.906,0.2781,0.0,49.56,394.188,0.0,2034.2,55.620000000000005,2533.5679999999998,2005,6
2005-07-01,39.88,0.071,4.111,32.109,0.0,3.312,0.2781,0.0,41.11,385.308,0.0,2318.4,55.620000000000005,2800.438,2005,7
2005-08-01,39.12,0.073,3.633,33.132,0.0,2.005,0.2781,0.0,36.33,397.58399999999995,0.0,1403.5,55.620000000000005,1893.034,2005,8
2005-09-01,40.73,0.058,3.861,33.41,0.0,3.124,0.2781,0.0,38.61,400.91999999999996,0.0,2186.8,55.620000000000005,2681.95,2005,9
2005-10-01,43.56,0.107,3.752,35.715,0.0,3.712,0.2781,0.0,37.519999999999996,428.58000000000004,0.0,2598.4,55.620000000000005,3120.12,2005,10
2005-11-01,49.91,0.107,3.863,38.395,0.0,7.271,0.2781,0.0,38.63,460.74,0.0,5089.7,55.620000000000005,5644.69,2005,11
2005-12-01,55.5,0.134,4.313,42.053,0.0,8.722,0.2781,0.0,43.129999999999995,504.63599999999997,0.0,6105.4,55.620000000000005,6708.785999999999,2005,12
2006-01-01,55.97,0.136,4.21,42.768,0.0005,8.577,0.2783,0.0,42.1,513.216,0.02,6003.9,55.66,6614.896,2006,1
2006-02-01,48.18,0.144,4.574,35.118,0.0005,8.067,0.2783,0.0,45.739999999999995,421.41600000000005,0.02,5646.900000000001,55.66,6169.736000000001,2006,2
2006-03-01,50.15,0.204,6.548,35.324,0.0005,7.793,0.2783,0.0,65.48,423.888,0.02,5455.1,55.66,6000.148,2006,3
2006-04-01,45.27,0.152,6.968,35.88,0.0005,1.987,0.2783,0.0,69.68,430.56000000000006,0.02,1390.9,55.66,1946.8200000000002,2006,4
2006-05-01,42.64,0.175,6.719,33.949,0.0005,1.517,0.2783,0.0,67.19,407.388,0.02,1061.8999999999999,55.66,1592.158,2006,5
2006-06-01,40.49,0.105,5.092,32.834,0.0005,2.181,0.2783,0.0,50.919999999999995,394.00800000000004,0.02,1526.7,55.66,2027.3080000000002,2006,6
2006-07-01,40.48,0.097,4.386,32.9,0.0005,2.822,0.2783,0.0,43.86,394.79999999999995,0.02,1975.4,55.66,2469.74,2006,7
2006-08-01,39.02,0.201,3.954,32.698,0.0005,1.884,0.2783,0.0,39.54,392.376,0.02,1318.8,55.66,1806.396,2006,8
2006-09-01,41.29,0.158,4.298,33.831,0.0005,2.728,0.2783,0.0,42.980000000000004,405.97200000000004,0.02,1909.6000000000001,55.66,2414.232,2006,9
2006-10-01,44.3,0.245,4.994,35.706,0.0005,3.078,0.2783,0.0,49.94,428.47200000000004,0.02,2154.6,55.66,2688.692,2006,10
2006-11-01,48.25,0.308,4.084,37.249,0.0005,6.334,0.2783,0.0,40.84,446.98800000000006,0.02,4433.8,55.66,4977.308,2006,11
2006-12-01,53.06,0.332,5.16,40.408,0.0005,6.88,0.2783,0.0,51.6,484.896,0.02,4816.0,55.66,5408.1759999999995,2006,12
2007-01-01,53.5,0.426,5.366,40.872,0.0005,6.524,0.3153,0.0,53.66,490.464,0.02,4566.8,63.06,5174.004000000001,2007,1
2007-02-01,48.24,0.354,5.535,36.169,0.0005,5.87,0.3153,0.0,55.35,434.02799999999996,0.02,4109.0,63.06,4661.4580000000005,2007,2
2007-03-01,50.5,0.348,6.759,36.738,0.0005,6.34,0.3153,0.0,67.59,440.856,0.02,4438.0,63.06,5009.526000000001,2007,3
2007-04-01,41.14,0.184,5.331,31.721,0.0005,3.589,0.3153,0.0,53.31,380.652,0.02,2512.3,63.06,3009.342,2007,4
2007-05-01,41.35,0.353,6.046,31.803,0.0005,2.835,0.3153,0.0,60.46,381.636,0.02,1984.5,63.06,2489.676,2007,5
2007-06-01,41.12,0.241,7.209,30.865,0.0005,2.49,0.3153,0.0,72.09,370.38,0.02,1743.0000000000002,63.06,2248.55,2007,6
2007-07-01,41.2,0.33,6.147,31.819,0.0005,2.589,0.3153,0.0,61.47,381.828,0.02,1812.3,63.06,2318.678,2007,7
2007-08-01,40.37,0.278,5.077,32.611,0.0005,2.092,0.3153,0.0,50.769999999999996,391.332,0.02,1464.4,63.06,1969.5819999999999,2007,8
2007-09-01,40.79,0.267,3.968,33.301,0.0005,2.942,0.3153,0.0,39.68,399.612,0.02,2059.4,63.06,2561.772,2007,9
2007-10-01,45.62,0.273,3.898,36.896,0.0005,4.239,0.3153,0.0,38.980000000000004,442.752,0.02,2967.2999999999997,63.06,3512.1119999999996,2007,10
2007-11-01,47.47,0.43,3.351,35.806,0.0005,7.57,0.3153,0.0,33.51,429.67199999999997,0.02,5299.0,63.06,5825.262000000001,2007,11
2007-12-01,53.49,0.561,4.591,40.008,0.0005,8.019,0.3153,0.0,45.91,480.096,0.02,5613.3,63.06,6202.386,2007,12
2008-01-01,54.92,0.606,6.038,40.922,0.0013,7.007,0.3434,0.0,60.38,491.06399999999996,0.052,4904.9,68.68,5525.076,2008,1
2008-02-01,50.25,0.432,4.419,38.9,0.0015,6.151,0.3434,0.0,44.19,466.79999999999995,0.06,4305.7,68.68,4885.43,2008,2
2008-03-01,50.19,0.701,5.528,37.203,0.0017,6.408,0.3434,0.0,55.279999999999994,446.43600000000004,0.06799999999999999,4485.6,68.68,5056.064,2008,3
2008-04-01,45.95,0.419,6.986,34.294,0.002,3.904,0.3434,0.0,69.86,411.52799999999996,0.08,2732.7999999999997,68.68,3282.9479999999994,2008,4
2008-05-01,41.72,0.283,7.168,31.972,0.002,1.954,0.3434,0.0,71.68,383.664,0.08,1367.8,68.68,1891.904,2008,5
2008-06-01,40.33,0.274,8.313,28.517,0.0021,2.877,0.3434,0.0,83.13000000000001,342.204,0.08399999999999999,2013.8999999999999,68.68,2507.9979999999996,2008,6
2008-07-01,41.03,0.343,5.981,31.835,0.003,2.525,0.3434,0.0,59.81,382.02,0.12,1767.5,68.68,2278.1299999999997,2008,7
2008-08-01,38.74,0.393,4.248,32.025,0.0027,1.729,0.3434,0.0,42.480000000000004,384.29999999999995,0.10800000000000001,1210.3,68.68,1705.868,2008,8
2008-09-01,39.95,0.439,4.832,31.239,0.0029,3.094,0.3434,0.0,48.32,374.868,0.11599999999999999,2165.7999999999997,68.68,2657.7839999999997,2008,9
2008-10-01,42.9,0.453,3.749,33.949,0.0025,4.401,0.3434,0.0,37.49,407.388,0.1,3080.7,68.68,3594.3579999999997,2008,10
2008-11-01,48.24,0.608,5.101,36.113,0.002,6.074,0.3434,0.0,51.01,433.356,0.08,4251.8,68.68,4804.926,2008,11
2008-12-01,54.95,0.612,5.633,41.309,0.0019,7.052,0.3434,0.0,56.33,495.7079999999999,0.076,4936.4,68.68,5557.1939999999995,2008,12
2009-01-01,58.13,0.654,6.08,43.093,0.005,7.933,0.3618,0.0,60.8,517.116,0.2,5553.099999999999,72.36,6203.575999999999,2009,1
2009-02-01,50.56,0.507,5.79,37.051,0.007,6.84,0.3618,0.0,57.9,444.612,0.28,4788.0,72.36,5363.152,2009,2
2009-03-01,49.43,0.763,6.208,35.932,0.012,6.152,0.3618,0.0,62.08,431.184,0.48,4306.400000000001,72.36,4872.504,2009,3
2009-04-01,40.88,0.48,6.593,30.862,0.012,2.567,0.3618,0.0,65.93,370.344,0.48,1796.9,72.36,2306.014,2009,4
2009-05-01,39.66,0.554,7.057,29.883,0.016,1.786,0.3618,0.0,70.57,358.596,0.64,1250.2,72.36,1752.366,2009,5
2009-06-01,36.3,0.419,6.312,27.129,0.018,2.065,0.3618,0.0,63.120000000000005,325.548,0.72,1445.5,72.36,1907.2479999999998,2009,6
2009-07-01,37.09,0.563,4.872,28.9,0.021,2.368,0.3618,0.0,48.72,346.79999999999995,0.8400000000000001,1657.6,72.36,2126.32,2009,7
2009-08-01,35.38,0.363,3.867,28.228,0.021,2.539,0.3618,0.0,38.67,338.736,0.8400000000000001,1777.3000000000002,72.36,2227.9060000000004,2009,8
2009-09-01,36.19,0.567,2.977,28.68,0.018,3.583,0.3618,0.0,29.77,344.15999999999997,0.72,2508.1,72.36,2955.11,2009,9
2009-10-01,39.78,0.652,3.069,30.932,0.015,4.754,0.3618,0.0,30.689999999999998,371.1839999999999,0.6,3327.7999999999997,72.36,3802.6339999999996,2009,10
2009-11-01,43.56,1.345,3.79,31.461,0.009,6.594,0.3618,0.0,37.9,377.532,0.36,4615.8,72.36,5103.952,2009,11
2009-12-01,52.19,0.987,5.269,37.847,0.007,7.714,0.3618,0.0,52.69,454.164,0.28,5399.8,72.36,5979.294,2009,12
2010-01-01,56.54,0.688,6.307,40.313,0.01,8.802,0.422,0.0,63.07000000000001,483.756,0.4,6161.4,84.39999999999999,6793.025999999999,2010,1
2010-02-01,50.41,0.98,5.887,36.316,0.016,6.822,0.386,0.0,58.87,435.7920000000001,0.64,4775.4,77.2,5347.901999999999,2010,2
2010-03-01,51.07,1.175,6.204,35.984,0.031,7.25,0.429,0.0,62.04,431.808,1.24,5075.0,85.8,5655.888,2010,3
2010-04-01,41.69,0.731,5.684,31.294,0.045,3.568,0.37,0.0,56.84,375.528,1.7999999999999998,2497.6,74.0,3005.768,2010,4
2010-05-01,39.85,0.743,6.428,29.372,0.054,2.843,0.408,0.0,64.28,352.464,2.16,1990.1,81.6,2490.604,2010,5
2010-06-01,40.22,0.581,7.263,29.575,0.055,2.367,0.377,0.0,72.63,354.9,2.2,1656.9,75.4,2162.03,2010,6
2010-07-01,41.06,0.488,5.41,31.744,0.069,2.953,0.4,0.0,54.1,380.928,2.76,2067.1,80.0,2584.888,2010,7
2010-08-01,39.5,0.684,4.348,32.391,0.074,1.58,0.421,0.0,43.48,388.692,2.96,1106.0,84.2,1625.332,2010,8
2010-09-01,39.22,0.569,3.594,31.657,0.074,2.964,0.359,0.0,35.94,379.884,2.96,2074.8,71.8,2565.3840000000005,2010,9
2010-10-01,42.12,1.075,4.023,31.885,0.058,4.713,0.361,0.0,40.23,382.62,2.3200000000000003,3299.1,72.2,3796.47,2010,10
2010-11-01,49.44,1.01,5.466,35.455,0.032,7.024,0.457,0.0,54.66,425.46,1.28,4916.8,91.4,5489.599999999999,2010,11
2010-12-01,58.97,1.003,6.985,41.889,0.03,8.597,0.462,0.0,69.85000000000001,502.668,1.2,6017.9,92.4,6684.017999999999,2010,12
2011-01-01,58.23,1.268,5.981,43.853,0.048,6.599,0.477,0.0,59.81,526.236,1.92,4619.3,95.39999999999999,5302.666,2011,1
2011-02-01,50.39,0.9,4.113,38.328,0.066,6.553,0.433,0.0,41.13,459.93600000000004,2.64,4587.1,86.6,5177.406000000001,2011,2
2011-03-01,50.7,1.135,4.431,37.688,0.126,6.807,0.51,0.0,44.31,452.256,5.04,4764.900000000001,102.0,5368.506,2011,3
2011-04-01,41.03,0.688,3.998,32.85,0.19,2.888,0.413,0.0,39.980000000000004,394.20000000000005,7.6,2021.6,82.6,2545.98,2011,4
2011-05-01,41.07,0.749,3.372,33.07,0.225,3.227,0.426,0.0,33.72,396.84000000000003,9.0,2258.9,85.2,2783.66,2011,5
2011-06-01,40.35,0.886,4.27,32.589,0.214,1.974,0.421,0.0,42.699999999999996,391.068,8.56,1381.8,84.2,1908.328,2011,6
2011-07-01,40.91,0.839,4.174,33.487,0.249,1.673,0.485,0.0,41.74,401.84400000000005,9.96,1171.1000000000001,97.0,1721.6440000000002,2011,7
2011-08-01,38.5,0.687,3.872,31.383,0.271,1.806,0.481,0.0,38.72,376.596,10.84,1264.2,96.2,1786.556,2011,8
2011-09-01,38.97,0.855,3.219,31.477,0.251,2.749,0.418,0.0,32.19,377.724,10.04,1924.3000000000002,83.6,2427.8540000000003,2011,9
2011-10-01,42.44,1.07,3.257,32.824,0.208,4.673,0.404,0.0,32.57,393.888,8.32,3271.1,80.80000000000001,3786.678,2011,10
2011-11-01,46.27,0.945,3.937,33.705,0.12,7.08,0.487,0.0,39.37,404.46,4.8,4956.0,97.39999999999999,5502.03,2011,11
2011-12-01,53.65,2.053,5.646,39.864,0.099,5.475,0.509,0.0,56.46,478.36799999999994,3.96,3832.4999999999995,101.8,4473.088,2011,12
2012-01-01,57.18,1.587,6.741,42.811,0.125,5.399,0.514,0.0,67.41,513.732,5.0,3779.3,102.8,4468.242,2012,1
2012-02-01,54.42,1.123,5.243,38.661,0.216,8.721,0.453,0.0,52.43000000000001,463.932,8.64,6104.7,90.60000000000001,6720.302000000001,2012,2
2012-03-01,48.59,0.977,3.895,37.549,0.356,5.276,0.532,0.0,38.95,450.58799999999997,14.239999999999998,3693.2,106.4,4303.378,2012,3
2012-04-01,44.19,1.572,5.302,33.1,0.329,3.484,0.405,0.0,53.019999999999996,397.20000000000005,13.16,2438.8,81.0,2983.1800000000003,2012,4
2012-05-01,40.43,0.974,7.707,29.058,0.454,1.771,0.468,0.0,77.07,348.696,18.16,1239.7,93.60000000000001,1777.226,2012,5
2012-06-01,37.52,0.994,6.823,26.562,0.483,2.219,0.437,0.0,68.23,318.744,19.32,1553.3,87.4,2046.9940000000001,2012,6
2012-07-01,37.91,0.912,4.901,28.818,0.544,2.221,0.514,0.0,49.01,345.8160000000001,21.76,1554.7,102.8,2074.0860000000002,2012,7
2012-08-01,36.34,0.907,3.563,28.314,0.536,2.534,0.486,0.0,35.63,339.768,21.44,1773.8,97.2,2267.8379999999997,2012,8
2012-09-01,38.03,0.931,3.641,30.13,0.413,2.449,0.47,0.0,36.41,361.56,16.52,1714.3,94.0,2222.79,2012,9
2012-10-01,42.99,1.355,4.534,32.848,0.283,3.517,0.45,0.0,45.34,394.176,11.319999999999999,2461.9,90.0,3002.736,2012,10
2012-11-01,49.23,1.309,4.914,37.119,0.182,5.19,0.514,0.0,49.14,445.428,7.279999999999999,3633.0000000000005,102.8,4237.648,2012,11
2012-12-01,54.72,2.29,6.521,39.912,0.149,5.319,0.525,0.0,65.21,478.94399999999996,5.96,3723.3,105.0,4378.414000000001,2012,12
2013-01-01,57.74,1.326,6.905658338,42.406,0.146,6.301,0.654138951,0.0,69.05658338,508.87199999999996,5.84,4410.7,130.82779019999998,5125.296373579999,2013,1
2013-02-01,52.26,1.463,6.857306401,36.754,0.23,6.357,0.595340774,0.0,68.57306401,441.048,9.200000000000001,4449.900000000001,119.06815479999999,5087.78921881,2013,2
2013-03-01,51.88,1.352,6.488119386,36.786,0.344,6.27,0.642299727,0.0,64.88119386,441.432,13.759999999999998,4389.0,128.4599454,5037.53313926,2013,3
2013-04-01,44.12,1.49,7.241331608,31.498,0.434,2.983,0.469134032,0.0,72.41331608,377.976,17.36,2088.1,93.8268064,2649.67612248,2013,4
2013-05-01,43.38,1.155,8.607657303,31.172,0.503,1.403,0.537286852,0.0,86.07657302999999,374.064,20.12,982.1,107.4573704,1569.81794343,2013,5
2013-06-01,39.34,1.16,7.374165357,28.62,0.563,1.112,0.508404237,0.0,73.74165357,343.44,22.519999999999996,778.4000000000001,101.6808474,1319.78250097,2013,6
2013-07-01,40.85,0.877,6.40682022,30.695,0.658,1.636,0.576837077,0.0,64.0682022,368.34000000000003,26.32,1145.1999999999998,115.36741540000001,1719.2956175999998,2013,7
2013-08-01,38.43,0.739,4.551087074,29.908,0.602,2.044,0.584230247,0.0,45.51087074,358.896,24.08,1430.8,116.84604940000001,1976.1329201400001,2013,8
2013-09-01,38.6,0.948,4.12534711,29.759,0.463,2.784,0.524964301,0.0,41.2534711,357.108,18.52,1948.8,104.99286020000001,2470.6743312999997,2013,9
2013-10-01,41.76,1.612,4.854995302,31.105,0.32,3.261,0.607094095,0.0,48.54995302,373.26,12.8,2282.7000000000003,121.418819,2838.72877202,2013,10
2013-11-01,48.53,1.809,6.364422227,34.631,0.183,4.877,0.663212903,0.0,63.64422227,415.572,7.32,3413.8999999999996,132.6425806,4033.07880287,2013,11
2013-12-01,53.57,2.011,5.689341189,40.423,0.216,4.546,0.680425625,0.0,56.89341189,485.076,8.64,3182.2000000000003,136.085125,3868.8945368900004,2013,12
2014-01-01,55.74,2.181930765,7.029323008149,42.697272529,0.176269528,3.031036563881,0.62317750476,0.0,70.29323008149001,512.367270348,7.05078112,2121.7255947167,124.635500952,2836.07237721819,2014,1
2014-02-01,49.34,2.472573395,7.059827809879,36.396235447,0.262552421,2.568259187598,0.571703454394,0.0,70.59827809878999,436.754825364,10.50209684,1797.7814313186,114.34069087880002,2429.97732250019,2014,2
2014-03-01,48.04,1.282373217,6.978205372953,35.796054646,0.53408534,2.82620799681,0.617816473595,0.0,69.78205372953,429.552655752,21.363413599999998,1978.345597767,123.563294719,2622.60701556753,2014,3
2014-04-01,40.58,1.048399965,5.780052442885,31.206547209,0.584097606,1.420471359424,0.532218103217,0.0,57.800524428850004,374.478566508,23.363904240000004,994.3299515967999,106.44362064340001,1556.41656741705,2014,4
2014-05-01,41.65,1.519585523,6.12894251903,31.710544312,0.68133538,0.992956043612,0.607583116075,0.0,61.289425190299994,380.526531744,27.253415200000003,695.0692305284,121.51662321500001,1285.6552258777,2014,5
2014-06-01,39.15,0.955105605,4.95684040923,30.991109222,0.763174562,0.945437594429,0.531292348289,0.0,49.5684040923,371.89331066399996,30.52698248,661.8063161003,106.25846965779999,1220.0534829944,2014,6
2014-07-01,42.51,0.94654156,6.127714594928,33.390878366,0.685904926,0.76336677241,0.596770141244,0.0,61.27714594928,400.690540392,27.43619704,534.356740687,119.35402824879999,1143.11465231708,2014,7
2014-08-01,39.22,0.975654709,5.272236617718,30.98214339,0.694138051,0.710829179058,0.588904145109,0.0,52.72236617718,371.78572068,27.76552204,497.5804253406,117.7808290218,1067.63486325958,2014,8
2014-09-01,38.99,0.723096472,3.733771294195,31.938587067,0.640237965,1.411691225957,0.54681935572,0.0,37.33771294195,383.263044804,25.609518599999998,988.1838581699001,109.363871144,1543.7580056598501,2014,9
2014-10-01,41.16,1.269911121,3.757241677861,32.797760455,0.479780474,2.293652347649,0.562182227613,0.0,37.57241677861,393.57312546,19.19121896,1605.5566433543001,112.4364455226,2168.3298500755104,2014,10
2014-11-01,46.93,1.492060319,4.853922862583,36.286603252,0.244358673,3.402039375699,0.646019676643,0.0,48.539228625830006,435.439239024,9.77434692,2381.4275629893,129.20393532859998,3004.3843128877297,2014,11
2014-12-01,54.53,2.106223207,5.729297941677,41.63302429,0.190198034,4.200564357167,0.670007762376,0.0,57.29297941677,499.59629148,7.60792136,2940.3950500169,134.00155247520001,3638.8937947488694,2014,12
2015-01-01,58.1,2.299499355,6.203325909086,43.791488657,0.251777314,4.88284446265,0.671880527741,0.0,62.03325909086,525.497863884,10.071092559999999,3417.991123855,134.3761055482,4149.9694449380595,2015,1
2015-02-01,51.97,1.910273513,6.37459913683,37.482320665,0.358825449,5.229633994707,0.617985990029,0.0,63.7459913683,449.78784798000004,14.35301796,3660.7437962949,123.5971980058,4312.227851609001,2015,2
2015-03-01,50.5,2.005330166,6.48054917573,36.914547292,0.536985285,3.889203839684,0.676755198209,0.0,64.8054917573,442.974567504,21.4794114,2722.4426877788,135.35103964179999,3387.0531980819,2015,3
2015-04-01,41.35,1.452411474,5.728845518074,31.186698518,0.782696397,1.624218674238,0.571243585832,0.0,57.28845518074,374.240382216,31.30785588,1136.9530719666,114.2487171664,1714.0384824097398,2015,4
2015-05-01,40.48,1.580470869,6.452224739027,30.328966017,0.843480527,0.645996208547,0.625299532673,0.0,64.52224739027,363.947592204,33.73922108,452.1973459829,125.0599065346,1039.46631319177,2015,5
2015-06-01,39.76,1.254703138,5.589550626116,30.717391599,0.951574511,0.66256748615,0.587373750828,0.0,55.89550626116,368.608699188,38.062980440000004,463.79724030500006,117.4747501656,1043.8391763597601,2015,6
2015-07-01,41.54,1.399122421,4.008137396214,33.268760518,0.943073496,1.283504774862,0.64228931539,0.0,40.08137396214,399.22512621600004,37.72293984,898.4533424034,128.457863078,1503.9406454995399,2015,7
2015-08-01,38.81,1.126091025,3.410344413179,31.992992083,0.851524067,0.772233416769,0.655699488697,0.0,34.10344413179,383.915904996,34.06096268,540.5633917383,131.1398977394,1123.78360128549,2015,8
2015-09-01,38.93,1.674529235,3.421187415226,30.632457517,0.715763506,1.852501824504,0.630032062652,0.0,34.21187415226001,367.58949020399996,28.630540240000002,1296.7512771528,126.00641253039998,1853.18959427946,2015,9
2015-10-01,44.38,1.292109478,3.873896782054,34.485949151,0.512350133,3.601618214304,0.613532084185,0.0,38.73896782054,413.831389812,20.49400532,2521.1327500128004,122.706416837,3116.90352980234,2015,10
2015-11-01,47.38,2.54487977,3.549972483167,35.678647455,0.376561335,4.534826286179,0.699571102105,0.0,35.49972483167,428.14376945999993,15.062453399999999,3174.3784003253004,139.91422042099998,3792.99856843797,2015,11
2015-12-01,51.59,2.572774139,3.65731752731,40.291619544,0.306025164,4.026631460288,0.732330738628,0.0,36.5731752731,483.499434528,12.24100656,2818.6420222016,146.4661477256,3497.4217862883,2015,12
2016-01-01,55.9,2.850363945,5.676766360289,41.588497132,0.275822869,4.752440182116,0.756720545339,0.0,56.767663602889996,499.061965584,11.03291476,3326.7081274812,151.3441090678,4044.91478049589,2016,1
2016-02-01,51.9,2.899854449,6.939796393086,37.323009399,0.409533025,3.622412529785,0.70423848651,0.0,69.39796393086,447.876112788,16.381321,2535.6887708495,140.847697302,3210.1918658703603,2016,2
2016-03-01,51.96,2.453641916,6.599527576506,37.177149961,0.675006272,4.296467032608,0.754648901005,0.0,65.99527576506,446.125799532,27.00025088,3007.5269228255997,150.929780201,3697.5780292036598,2016,3
2016-04-01,43.1,1.670149414,6.461725236334,31.057041779,0.794985625,2.440371846727,0.678449288401,0.0,64.61725236334,372.68450134799997,31.799425,1708.2602927089,135.68985768020002,2313.05132910044,2016,4
2016-05-01,40.58,1.541870077,6.533701775742,29.4393355,0.930777967,1.424177961691,0.707379474526,0.0,65.33701775742,353.272026,37.23111868,996.9245731837,141.4758949052,1594.24063052632,2016,5
2016-06-01,39.96,1.071145828,7.157149687661,28.639486961,0.908886073,1.535330774797,0.64421161937,0.0,71.57149687661,343.673843532,36.35544292,1074.7315423579003,128.84232387400002,1655.17464956051,2016,6
2016-07-01,38.38,1.017766236,5.275702402381,28.342361051,1.067841828,1.938343510132,0.742567222168,0.0,52.757024023810004,340.108332612,42.713673119999996,1356.8404570924,148.5134444336,1940.93293128181,2016,7
2016-08-01,35.98,1.187715009,3.854307190741,27.113130645,1.059874987,2.049034896238,0.719655377471,0.0,38.543071907409995,325.3575677399999,42.394999479999996,1434.3244273666,143.9310754942,1984.55114198821,2016,8
2016-09-01,36.38,0.990726539,3.364324384516,26.478460131,0.822057626,4.050066080918,0.674823312338,0.0,33.64324384516,317.741521572,32.88230504,2835.0462566426,134.9646624676,3354.2779895673602,2016,9
2016-10-01,39.87,1.409801363,3.056593952634,29.019544167,0.726086999,4.987050818353,0.667293653501,0.0,30.56593952634,348.234530004,29.043479960000003,3490.9355728470996,133.4587307002,4032.2382530376394,2016,10
2016-11-01,45.43,2.323655174,4.23961439697,31.148968325,0.368047649,6.579138828378,0.767660643912,0.0,42.396143969700006,373.7876199,14.721905959999999,4605.3971798646,153.53212878239998,5189.8349784767,2016,11
2016-12-01,51.16,1.529318185,4.474004969333,36.648669139,0.368126449,7.336655761387,0.80163016314,0.0,44.74004969333001,439.784029668,14.725057960000001,5135.6590329709,160.326032628,5795.234202920229,2016,12
2017-01-01,57.15,2.043715104831,5.191719696343,40.491546163667,0.362941822,8.244805215971,0.811097487534,0.0,51.91719696343,485.89855396400395,14.517672880000001,5771.363651179699,162.2194975068,6485.916572493933,2017,1
2017-02-01,47.96,2.534326608499,4.534442967936,33.689348332999,0.430247997,6.04803352552,0.720034625213,0.0,45.344429679360005,404.272179995988,17.20991988,4233.623467864,144.0069250426,4844.456922461949,2017,2
2017-03-01,49.69,2.647432809502,6.231795510201,34.272584850666,0.701990877,5.060499532078,0.775923466528,0.0,62.317955102009996,411.27101820799203,28.07963508,3542.3496724546003,155.1846933056,4199.202974150203,2017,3
2017-04-01,42.48,1.459997116501,4.145625216537,31.752167625837,1.042176329,3.349094815446,0.728119366262,0.0,41.456252165369996,381.026011510044,41.68705316,2344.3663708122,145.62387325240002,2954.159560900014,2017,4
2017-05-01,41.47,1.494177471334,5.683113589937,30.136479560664,1.087886667,2.332888538861,0.73578900897,0.0,56.831135899370004,361.637754727968,43.51546668,1633.0219772026999,147.157801794,2242.164136304038,2017,5
2017-06-01,37.29,1.468629520002,5.054164756831,26.881570487665,1.1279303,2.001220556941,0.751845510517,0.0,50.54164756831,322.57884585198,45.117212,1400.8543898587,150.3691021034,1969.4611973823899,2017,6
2017-07-01,38.83,1.704786485334,3.861177626576,28.158949644167,1.079611405,3.211099170879,0.814755078275,0.0,38.61177626576,337.907395730004,43.1844562,2247.7694196153,162.95101565500002,2830.424063466064,2017,7
2017-08-01,37.1,1.232375436663,3.472256650715,28.585312193166,1.049986653,1.971216090115,0.782920786109,0.0,34.72256650715,343.023746317992,41.999466119999994,1379.8512630805,156.58415722179996,1956.1811992474422,2017,8
2017-09-01,38.59,1.638291637165,3.072882835701,29.345826152166,0.820547325,2.942636990311,0.762142295582,0.0,30.72882835701,352.14991382599203,32.821893,2059.8458932177,152.4284591164,2627.974987517102,2017,9
2017-10-01,39.63,2.074851764002,2.717978475526,28.053906030166,0.713884346,5.310486809896,0.759278088197,0.0,27.17978475526,336.646872361992,28.555373839999998,3717.3407669272,151.8556176394,4261.5784155238525,2017,10
2017-11-01,44.89,2.315354451667,3.915132089738,30.334659935334,0.454424329,7.01289562507,0.851864742896,0.0,39.15132089738,364.015919224008,18.17697316,4909.026937549,170.3729485792,5500.744099409588,2017,11
2017-12-01,53.21,3.365612346502,5.301964507466,37.382680159334,0.276999601,6.050781076563,0.830558563334,0.0,53.01964507466,448.592161912008,11.07998404,4235.5467535941,166.1117126668,4914.350257287568,2017,12
2018-01-01,56.64,3.998781846333,7.285367197789,40.792988055835,0.27454880333596,3.500031999428,0.785421968676,0.0,72.85367197789,489.51585667002007,10.9819521334384,2450.0223995996,157.0843937352,3180.4582741161485,2018,1
2018-02-01,53.64,2.778074741002,7.147797567027,36.409552789833,0.51943436649205,6.017252124225,0.760034977669,0.0,71.47797567027,436.914633477996,20.777374659682,4212.0764869575005,152.0069955338,4893.253466299249,2018,2
2018-03-01,52.36,3.125905008164,7.09298239145,35.678215544833,0.76600224134734,4.898336892267,0.789498431756,0.0,70.92982391449999,428.13858653799605,30.640089653893597,3428.8358245869003,157.8996863512,4116.44401104449,2018,3
2018-04-01,42.66,2.160852737334,6.930896618128,30.592859141335,1.0079664089268,1.168501973679,0.792229676175,0.0,69.30896618128,367.11430969602003,40.318656357071994,817.9513815753,158.44593523499998,1453.139249044672,2018,4
2018-05-01,42.65,1.598885334834,7.675226314774,30.581938587499,1.1413631130581,0.833190833094,0.81394350724,0.0,76.75226314774,366.983263049988,45.654524522323996,583.2335831658,162.78870144799998,1235.412335333852,2018,5
2018-06-01,40.65,1.370421285331,7.537407624955,28.624022986332,1.2857140218688,1.094244376016,0.728608114149,0.0,75.37407624955,343.48827583598404,51.428560874751994,765.9710632112001,145.7216228298,1381.9835990012862,2018,6
2018-07-01,41.19,1.100474301504,5.253022113393,29.958812298334,1.4292409092911,2.631009983295,0.817148619188,0.0,52.530221133930006,359.505747580008,57.169636371644,1841.7069883064999,163.4297238376,2474.3423172296816,2018,7
2018-08-01,37.19,1.402971755001,3.875767804431,27.294682993332,1.3164334917922,2.488372788157,0.807386442496,0.0,38.757678044310005,327.536195919984,52.657339671688,1741.8609517099,161.4772884992,2322.289453845082,2018,8
2018-09-01,38.81,1.612137183168,3.019011347883,30.098993516666,1.1624357001671,2.107616917548,0.801235639723,0.0,30.19011347883,361.187922199992,46.497428006684,1475.3318422836,160.2471279446,2073.454433913706,2018,9
2018-10-01,42.27,2.491466995335,2.914919133107,31.613910839835,0.78824563338022,3.683700760036,0.767413681777,0.0,29.14919133107,379.36693007802,31.529825335208802,2578.5905320252,153.4827363554,3172.119215124899,2018,10
2018-11-01,46.23,2.801367641833,3.955858371698,32.658276813835,0.47103286118343,5.551612355879,0.785053427479,0.0,39.55858371698,391.89932176602,18.8413144473372,3886.1286491152996,157.0106854958,4493.438554541437,2018,11
2018-12-01,53.28,3.651540939334,5.149262504044,38.890266086336,0.28308183182302,4.459660161214,0.832775414663,0.0,51.49262504044,466.683193036032,11.3232732729208,3121.7621128498,166.5550829326,3817.8162871317923,2018,12
2019-01-01,55.82,3.050435165168,4.962953769328,40.157955925498,0.41712816477612,6.396932505865,0.826128890534,0.0,49.62953769328,481.89547110597596,16.6851265910448,4477.8527541055,165.2257781068,5191.288667602601,2019,1
2019-02-01,50.11,2.6250344105,5.029546301521,36.089868409333,0.77263743384789,4.829192713397,0.75797891029,0.0,50.295463015210004,433.0784209119959,30.9054973539156,3380.4348993779,151.595782058,4046.3100627170215,2019,2
2019-03-01,50.35,4.421031634835,5.143913143238,35.497659047164,1.0998391739427,3.330685664846,0.842881565073,0.0,51.43913143238,425.97190856596796,43.993566957708,2331.4799653922,168.5763130146,3021.460885362856,2019,3
2019-04-01,42.64,2.316183978501,4.483759643048,31.756632938166,1.1094147663077,2.22655469983,0.747049770562,0.0,44.83759643048,381.07959525799197,44.376590652308,1558.5882898809998,149.4099541124,2178.29202633418,2019,4
2019-05-01,43.57,2.204962824832,5.531757845597,31.668783221834,1.3620638029494,1.981540000173,0.814589201241,0.0,55.31757845597001,380.025398662008,54.482552117976006,1387.0780001210999,162.9178402482,2039.821369605254,2019,5
2019-06-01,40.11,1.866695914168,5.740066522405,28.560142913833,1.4453528933106,1.775774953167,0.718302795493,0.0,57.40066522405,342.721714965996,57.814115732424,1243.0424672169,143.6605590986,1844.63952223797,2019,6
2019-07-01,40.48,1.699200597498,4.371851202491,29.194282207,1.5445849622436,2.896627836383,0.771851169406,0.0,43.718512024910005,350.331386484,61.783398489744,2027.6394854680998,154.3702338812,2637.843016347954,2019,7
2019-08-01,37.56,1.632582021998,3.735866043564,27.721121022336,1.4251378565594,2.176381033006,0.86836446274,0.0,37.358660435640004,332.65345226803197,57.005514262375996,1523.4667231042,173.67289254800002,2124.157242618248,2019,8
2019-09-01,37.52,2.612926876839,2.561920904923,27.533421486166,1.192008970306,2.859586866448,0.761883277792,0.0,25.619209049229998,330.401057833992,47.68035881224,2001.7108065136001,152.37665555840002,2557.7880877674625,2019,9
2019-10-01,41.03,3.359795886168,3.772552731541,29.162874816835,0.76259605739038,3.21060417298,0.754992010214,0.0,37.72552731541,349.95449780202,30.5038422956152,2247.422921086,150.9984020428,2816.6051905418453,2019,10
2019-11-01,45.8,3.338164607165,6.447940130196,29.133620008001,0.44683292482604,5.628336442444,0.793164612379,0.0,64.47940130196,349.603440096012,17.8733169930416,3939.8355097107997,158.6329224758,4530.424590577613,2019,11
2019-12-01,51.1,4.649236096502,7.826269989,32.985749514833,0.42776991568344,4.372509391881,0.827177133765,0.0,78.26269989000001,395.82899417799604,17.1107966273376,3060.7565743166997,165.435426753,3717.3944917650333,2019,12
2020-01-01,54.6,4.159034592832,6.299329867821,37.352402387335,0.467434280834,5.4818860651,0.829140631929,0.0,62.99329867821,448.22882864801994,18.697371233360002,3837.32024557,165.8281263858,4533.0678705153905,2020,1
2020-02-01,50.67,5.886467195168,6.271667951346,33.178534617999,0.707384487667,3.831293649933,0.781483657859,0.0,62.71667951346,398.142415415988,28.29537950668,2681.9055549531,156.2967315718,3327.356760961028,2020,2
2020-03-01,47.93,4.486351539168,7.321267226534,30.624812352833,1.014251105831,3.620271404263,0.849204679439,0.0,73.21267226534,367.497748233996,40.570044233240004,2534.1899829841,169.84093588780001,3185.311383604476,2020,3
2020-04-01,36.82,2.273310543,5.059091913285,26.823503685165,1.260139453332,0.589868300839,0.813786133326,0.0,50.590919132850004,321.88204422198,50.40557813328,412.9078105873,162.7572266652,998.54357874061,2020,4
2020-05-01,37.63,2.653211601334,6.662506698207,24.714613243335,1.542717631,1.220978192019,0.830876599164,0.0,66.62506698207,296.57535892002,61.70870524,854.6847344132999,166.1753198328,1445.76918538819,2020,5
2020-06-01,34.47,2.043719374664,6.340569864817,21.334927722834,1.468288066001,2.484402051752,0.794151711301,0.0,63.405698648169995,256.019132674008,58.73152264004,1739.0814362263998,158.8303422602,2276.068132448818,2020,6
2020-07-01,34.46,2.0985652,4.58500952383,22.499430358665,1.690025896503,2.756109690529,0.829793115858,0.0,45.8500952383,269.99316430398,67.60103586011999,1929.2767833703,165.95862317159998,2478.6797019442997,2020,7
2020-08-01,33.54,2.040062200998,3.67329254147,22.876502343833,1.503494245333,2.634510785942,0.804503956461,0.0,36.7329254147,274.518028125996,60.13976981332,1844.1575501594,160.9007912922,2376.449064805616,2020,8
2020-09-01,32.16,2.140145431666,3.346188740525,21.739624139499,1.220484958665,2.955037462426,0.753483552603,0.0,33.46188740525,260.875489673988,48.819398346599996,2068.5262236982,150.69671052060002,2562.379709644638,2020,9
2020-10-01,41.72,4.322241909,5.137003122291,28.271624456833,0.767880414168,2.473337545256,0.741605348185,0.0,51.37003122291,339.259493481996,30.715216566720002,1731.3362816791998,148.321069637,2301.002092587826,2020,10
2020-11-01,45.1,3.167235663333,4.496266302092,31.565610909489,0.659604417333,4.430717081344,0.769599547349,0.0,44.962663020920004,378.787330913868,26.384176693320004,3101.5019569408005,153.91990946980002,3705.556037038709,2020,11
2020-12-01,50.62,4.411615265336,5.737481609427,34.432370352228,0.352886082334,4.858100338565,0.814550774472,0.0,57.37481609427,413.188444226736,14.115443293359998,3400.6702369955,162.9101548944,4048.259095504266,2020,12
2021-01-01,55.37,3.9658019785,7.268982372003,37.175143319168,0.43441676313803,5.683620918064,0.837861955859,0.0,72.68982372003,446.101719830016,17.3766705255212,3978.5346426448,167.5723911718,4682.275247892167,2021,1
2021-02-01,46.9,4.255260636666,6.847100271845,30.3371484415,0.62933056112028,4.056993673124,0.766739452797,0.0,68.47100271845,364.04578129799995,25.1732224448112,2839.8955711868,153.34789055939999,3450.9334682074614,2021,2
2021-03-01,47.51,3.705755464332,5.881466877843,31.694793340835,1.2282746714972,4.145812071189,0.849636906781,0.0,58.81466877843,380.33752009002,49.130986859888,2902.0684498323,169.92738135620002,3560.2790069168377,2021,3
2021-04-01,39.5,2.945286345169,3.973147522452,27.208831891504,1.5329920513628,3.046656755155,0.789937717898,0.0,39.73147522452,326.505982698048,61.319682054512,2132.6597286085,157.98754357960001,2718.2044121651797,2021,4
2021-05-01,41.37,3.94241923317,6.216259004673,27.573972981664,1.5713944058935,1.223547143311,0.83886775923,0.0,62.162590046729996,330.88767577996794,62.85577623574001,856.4830003177,167.773551846,1480.1625942261378,2021,5
2021-06-01,39.21,1.341539519337,6.180734267224,27.714204401833,1.638450743638,1.549528696335,0.780021492498,0.0,61.807342672240004,332.570452821996,65.53802974552,1084.6700874345,156.0042984996,1700.590211173856,2021,6
2021-07-01,40.5,2.301773261996,5.571181231814,28.449016341997,1.675422414676,1.597572908569,0.903282751788,0.0,55.711812318140005,341.388196103964,67.01689658704,1118.3010359983,180.6565503576,1763.074491365044,2021,7
2021-08-01,39.14,2.22316738784,4.38067462827,29.010562501168,1.7034103548343,0.954517346944,0.860597936037,0.0,43.806746282700004,348.126750014016,68.136414193372,668.1621428608,172.1195872074,1300.351640558288,2021,8
2021-09-01,38.47,1.655743298001,3.393283299603,29.001127703837,1.4131505709554,2.193973983954,0.81283048855,0.0,33.93283299603,348.013532446044,56.526022838216,1535.7817887677998,162.56609770999998,2136.82027475809,2021,9
2021-10-01,41.76,3.490455014162,2.998764656198,30.657033306334,1.2008478288187,2.583131049895,0.831707176861,0.0,29.98764656198,367.884399676008,48.033913152748,1808.1917349265,166.3414353722,2420.439129689436,2021,10
2021-11-01,44.35,2.728709986169,3.974061691755,30.370324262001,0.66226059981884,5.768427371193,0.834926014383,0.0,39.74061691755,364.443891144012,26.4904239927536,4037.8991598351,166.9852028766,4635.559294766015,2021,11
2021-12-01,48.31,4.351562784494,5.290325205589,31.50228564517,0.53170627824574,5.770346839664,0.85589721684,0.0,52.90325205589,378.02742774204,21.2682511298296,4039.2427877647997,171.179443368,4662.621162060559,2021,12
2022-01-01,52.17,3.154417255152,5.873801341456,35.219864213334,0.766409030148,6.269569077013,0.876530951935,0.0,58.73801341456,422.63837056000796,30.65636120592,4388.6983539091,175.306190387,5076.037289476588,2022,1
2022-02-01,45.65,5.340985022585,4.374879157346,29.577611468335,0.987468986646,4.501532317535,0.855652780243,0.0,43.748791573460004,354.93133762002003,39.49875946584,3151.0726222745,171.1305560486,3760.38206698242,2022,2
2022-03-01,42.53,3.520414675994,4.557038735393,26.851697452831,1.35662721011,5.302324587523,0.929478285359,0.0,45.57038735393,322.220369433972,54.265088404400004,3711.6272112661,185.8956570718,4319.578713530202,2022,3
2022-04-01,36.53,3.592336632095,5.059743875927,21.765642987836,1.750310238942,3.504846600179,0.858299271849,0.0,50.597438759270005,261.187715854032,70.01240955768,2453.3926201253,171.6598543698,3006.8500386660817,2022,4
2022-05-01,33.9,2.12577417663,5.023937280174,20.529498721993,2.286319138565,2.965554707998,0.963917276662,0.0,50.23937280174,246.353984663916,91.4527655426,2075.8882955986,192.7834553324,2656.717873939256,2022,5
2022-06-01,31.64,1.844654349314,4.005613927425,20.17482027178,2.19565488195,2.571631428927,0.841658403655,0.0,40.05613927425,242.09784326136,87.826195278,1800.1420002489,168.331680731,2338.4538587935103,2022,6
2022-07-01,30.84,1.886606801731,3.464144692013,18.780955418368,2.57264980366,3.246633512211,0.885948236117,0.0,34.64144692013,225.371465020416,102.9059921464,2272.6434585477,177.18964722340002,2812.752009858046,2022,7
2022-08-01,29.05,2.07796359441,2.689641331852,18.133046551453,2.267229139597,3.023212139926,0.859076997076,0.0,26.89641331852,217.596558617436,90.68916558388,2116.2484979482,171.8153994152,2623.246034883236,2022,8
2022-09-01,28.95,2.310256599665,2.444186690635,18.190495550696,1.789196881826,3.334382715154,0.882213510215,0.0,24.44186690635,218.285946608352,71.56787527304,2334.0679006078003,176.44270204299997,2824.8062914385423,2022,9
2022-10-01,32.77,3.535329169115,3.038516135611,20.224827015238,1.26504268688,3.868423821814,0.831126417278,0.0,30.385161356110004,242.69792418285599,50.6017074752,2707.8966752697997,166.2252834556,3197.8067517395657,2022,10
2022-11-01,36.75,4.88612316988,3.893272437885,21.597263652954,0.810419008127,4.70175774616,0.856226472673,0.0,38.93272437885,259.167163835448,32.41676032508,3291.230422312,171.2452945346,3792.992365385978,2022,11
2022-12-01,44.98,4.613143727264,5.190848047987,27.912368646209,0.478123355647,5.871169957127,0.906967310601,0.0,51.90848047987,334.948423754508,19.12493422588,4109.8189699889,181.3934621202,4697.194270569357,2022,12
2023-01-01,48.97,5.657747883192,6.373351699913,30.770802043993,0.615987854693,4.668001944777,0.87616476215,0.0,63.73351699913,369.249624527916,24.63951418772,3267.6013613439,175.23295243,3900.456969488666,2023,1
2023-02-01,43.21,3.417778401063,3.592434164688,28.786862810671,1.245663257332,5.357327890945,0.807234318864,0.0,35.92434164688,345.442353728052,49.826530293279994,3750.1295236615,161.4468637728,4342.769613102511,2023,2
2023-03-01,42.62,5.944875823391,4.633044313036,25.637451082995,1.637235839622,3.892387543182,0.869129241425,0.0,46.330443130359996,307.64941299594,65.48943358488,2724.6712802274005,173.825848285,3317.9664182235806,2023,3
2023-04-01,38.52,3.840092142946,4.591279524892,24.990759670505,2.148748951243,2.097614920021,0.849519517022,0.0,45.912795248920006,299.88911604606005,85.94995804972,1468.3304440146999,169.9039034044,2069.9862167638,2023,4
2023-05-01,39.1,3.690504221636,5.401702000824,25.177700359665,2.514610559118,1.39318149695,0.922249885828,0.0,54.01702000824,302.13240431598,100.58442236472001,975.227047865,184.44997716560002,1616.4108717195402,2023,5
2023-06-01,36.05,2.105168512771,5.779367010606,22.724848177331,2.678701577316,1.933555943412,0.820512589386,0.0,57.793670106060006,272.698178127972,107.14806309264,1353.4891603884,164.1025178772,1955.231589592272,2023,6
2023-07-01,36.93,3.252621050889,3.995893787367,24.064828688656,2.694533971146,2.012066068463,0.911371438784,0.0,39.95893787367,288.777944263872,107.78135884584,1408.4462479241001,182.2742877568,2027.238776664282,2023,7
2023-08-01,35.67,2.779347578743,3.588023688339,23.945608370675,2.575813848939,1.888660793015,0.890933813061,0.0,35.880236883390005,287.3473004481,103.03255395756,1322.0625551105,178.1867626122,1926.50940901175,2023,8
2023-09-01,37.14,2.38553658252,3.188247965332,26.942037019678,2.271814309386,1.520306453413,0.830865798098,0.0,31.88247965332,323.304444236136,90.87257237544,1064.2145173891,166.1731596196,1676.447173273596,2023,9
2023-10-01,40.27,4.534184236863,3.589659521458,28.251279104675,1.620054991035,1.448637699348,0.826780180526,0.0,35.896595214579996,339.01534925609997,64.8021996414,1014.0463895436,165.3560361052,1619.1165697608799,2023,10
2023-11-01,45.43,6.468138252186,6.671409673132,27.580344227837,0.899426505014,2.963587906161,0.836603607483,0.0,66.71409673132,330.964130734044,35.977060200560004,2074.5115343127,167.32072149659996,2675.487543475224,2023,11
2023-12-01,50.75,6.756489938093,7.420682356056,31.531482358595,0.687911195975,3.434522804745,0.910164801424,0.0,74.20682356056,378.37778830314,27.516447838999998,2404.1659633215,182.0329602848,3066.2999833090003,2023,12
